{"rotation_matrix": [[0.0005072984997296547, -0.2860196245130516, 145.55492983849328], [0.0007024964002728205, -0.39851456253251144, 202.86230730541786], [3.7352686103201457e-06, -0.0019650366217250606, 1.0]], "rotation_matrix_original": [[0.0036533586024261495, -1.9508934936954403, 992.8623073054845], [0.0027050325051451883, -1.4039118701704272, 714.4450701614699], [3.7352686103197345e-06, -0.0019650366217250593, 1.0]]}